,elevation_m,dw
0,0.0,0.0
1,0.1,0.0
2,0.2,0.0
3,0.30000000000000004,0.0
4,0.4,0.0
5,0.5,0.0
6,0.6000000000000001,0.0
7,0.7000000000000001,0.0
8,0.8,0.0
9,0.9,0.0
10,1.0,0.0
11,1.1,0.0
12,1.2000000000000002,0.0
13,1.3,0.0
14,1.4000000000000001,0.0
15,1.5,0.0
16,1.6,0.0
17,1.7000000000000002,0.0
18,1.8,0.0
19,1.9000000000000001,0.0
20,2.0,0.0
21,2.1,0.0
22,2.2,0.0
23,2.3000000000000003,0.0
24,2.4000000000000004,0.0
25,2.5,0.0
26,2.6,0.0
27,2.7,0.0
28,2.8000000000000003,0.0
29,2.9000000000000004,0.0
30,3.0,0.0
31,3.1,0.0
32,3.2,0.0
33,3.3000000000000003,0.0
34,3.4000000000000004,0.0
35,3.5,0.0
36,3.6,0.0
37,3.7,0.0
38,3.8000000000000003,0.0
39,3.9000000000000004,0.0
40,4.0,0.0
41,4.1000000000000005,0.0
42,4.2,0.0
43,4.3,0.0
44,4.4,0.0
45,4.5,0.0
46,4.6000000000000005,0.0
47,4.7,0.0
48,4.800000000000001,0.0
49,4.9,0.0
50,5.0,0.0
51,5.1000000000000005,0.0
52,5.2,0.0
53,5.300000000000001,0.0
54,5.4,0.0
55,5.5,0.0
56,5.6000000000000005,0.0
57,5.7,0.0
58,5.800000000000001,0.0
59,5.9,0.0
60,6.0,0.0
61,6.1000000000000005,0.0
62,6.2,0.0
63,6.300000000000001,0.0
64,6.4,0.0
65,6.5,0.0
66,6.6000000000000005,0.0
67,6.7,0.0
68,6.800000000000001,0.0
69,6.9,0.0
70,7.0,0.0
71,7.1000000000000005,0.0
72,7.2,0.0
73,7.300000000000001,0.0
74,7.4,0.0
75,7.5,0.0
76,7.6000000000000005,0.0
77,7.7,0.0
78,7.800000000000001,0.0
79,7.9,0.0
80,8.0,0.0
81,8.1,0.0
82,8.200000000000001,0.0
83,8.3,0.0
84,8.4,0.0
85,8.5,0.0
86,8.6,0.0
87,8.700000000000001,0.0
88,8.8,0.0
89,8.9,0.0
90,9.0,0.0
91,9.1,0.0
92,9.200000000000001,0.0
93,9.3,0.0
94,9.4,0.0
95,9.5,0.0
96,9.600000000000001,0.0
97,9.700000000000001,0.0
98,9.8,0.0
99,9.9,0.0
100,10.0,0.0
101,10.100000000000001,0.0
102,10.200000000000001,0.0
103,10.3,0.0
104,10.4,0.0
105,10.5,0.0
106,10.600000000000001,0.0
107,10.700000000000001,0.0
108,10.8,0.0
109,10.9,0.0
110,11.0,0.0
111,11.100000000000001,0.0
112,11.200000000000001,0.0
113,11.3,0.0
114,11.4,0.0
115,11.5,0.0
116,11.600000000000001,0.0
117,11.700000000000001,0.0
118,11.8,0.0
119,11.9,0.0
120,12.0,0.0
121,12.100000000000001,0.0
122,12.200000000000001,0.0
123,12.3,0.0
124,12.4,0.0
125,12.5,0.0
126,12.600000000000001,0.0
127,12.700000000000001,0.0
128,12.8,0.0
129,12.9,0.0
130,13.0,0.0
131,13.100000000000001,0.0
132,13.200000000000001,0.0
133,13.3,0.0
134,13.4,0.0
135,13.5,0.0
136,13.600000000000001,0.0
137,13.700000000000001,0.0
138,13.8,0.0
139,13.9,0.0
140,14.0,0.0
141,14.100000000000001,0.0
142,14.200000000000001,0.0
143,14.3,0.0
144,14.4,0.0
145,14.5,0.0
146,14.600000000000001,0.0
147,14.700000000000001,0.0
148,14.8,0.0
149,14.9,0.0
150,15.0,0.0
151,15.100000000000001,0.0
152,15.200000000000001,0.0
153,15.3,0.0
154,15.4,0.0
155,15.5,0.0
156,15.600000000000001,0.0
157,15.700000000000001,0.0
158,15.8,0.0
159,15.9,0.0
160,16.0,0.0
161,16.1,0.0
162,16.2,0.0
163,16.3,0.0
164,16.400000000000002,0.0
165,16.5,0.0
166,16.6,0.0
167,16.7,0.0
168,16.8,0.0
169,16.900000000000002,0.0
170,17.0,0.0
171,17.1,0.0
172,17.2,0.0
173,17.3,0.0
174,17.400000000000002,0.0
175,17.5,0.0
176,17.6,0.0
177,17.7,0.0
178,17.8,0.0
179,17.900000000000002,0.0
180,18.0,0.0
181,18.1,0.0
182,18.2,0.0
183,18.3,0.0
184,18.400000000000002,0.0
185,18.5,0.0
186,18.6,0.0
187,18.7,0.0
188,18.8,0.0
189,18.900000000000002,0.0
190,19.0,0.0
191,19.1,0.0
192,19.200000000000003,0.0
193,19.3,0.0
194,19.400000000000002,0.0
195,19.5,0.0
196,19.6,0.0
197,19.700000000000003,0.0
198,19.8,0.0
199,19.900000000000002,0.0
200,20.0,0.0
201,20.1,0.0
202,20.200000000000003,0.0
203,20.3,0.0
204,20.400000000000002,0.0
205,20.5,0.0
206,20.6,0.0
207,20.700000000000003,0.0
208,20.8,0.0
209,20.900000000000002,0.0
210,21.0,0.0
211,21.1,0.0
212,21.200000000000003,0.0
213,21.3,0.0
214,21.400000000000002,0.0
215,21.5,0.0
216,21.6,0.0
217,21.700000000000003,0.0
218,21.8,0.0
219,21.900000000000002,0.0
220,22.0,0.0
221,22.1,0.0
222,22.200000000000003,0.0
223,22.3,0.0
224,22.400000000000002,0.0
225,22.5,0.0
226,22.6,0.0
227,22.700000000000003,0.0
228,22.8,0.0
229,22.900000000000002,0.0
230,23.0,0.0
231,23.1,0.0
232,23.200000000000003,0.0
233,23.3,0.0
234,23.400000000000002,0.0
235,23.5,0.0
236,23.6,0.0
237,23.700000000000003,0.0
238,23.8,0.0
239,23.900000000000002,0.0
240,24.0,0.0
241,24.1,0.0
242,24.200000000000003,0.0
243,24.3,0.0
244,24.400000000000002,0.0
245,24.5,0.0
246,24.6,0.0
247,24.700000000000003,0.0
248,24.8,0.0
249,24.900000000000002,0.0
250,25.0,0.0
251,25.1,0.0
252,25.200000000000003,0.0
253,25.3,0.0
254,25.400000000000002,0.0
255,25.5,0.0
256,25.6,0.0
257,25.700000000000003,0.0
258,25.8,0.0
259,25.900000000000002,0.0
260,26.0,0.0
261,26.1,0.0
262,26.200000000000003,0.0
263,26.3,0.0
264,26.400000000000002,0.0
265,26.5,0.0
266,26.6,0.0
267,26.700000000000003,0.0
268,26.8,0.0
269,26.900000000000002,0.0
270,27.0,0.0
271,27.1,0.0
272,27.200000000000003,0.0
273,27.3,0.0
274,27.400000000000002,0.0
275,27.5,0.0
276,27.6,0.0
277,27.700000000000003,0.0
278,27.8,0.0
279,27.900000000000002,0.0
280,28.0,0.0
281,28.1,0.0
282,28.200000000000003,0.0
283,28.3,0.0
284,28.400000000000002,0.0
285,28.5,0.0
286,28.6,0.0
287,28.700000000000003,0.0
288,28.8,0.0
289,28.900000000000002,0.0
290,29.0,0.0
291,29.1,0.0
292,29.200000000000003,0.0
293,29.3,0.0
294,29.400000000000002,0.0
295,29.5,0.0
296,29.6,0.0
297,29.700000000000003,0.0
298,29.8,0.0
299,29.900000000000002,0.0
300,30.0,0.0
301,30.1,0.0
302,30.200000000000003,0.0
303,30.3,0.0
304,30.400000000000002,0.0
305,30.5,0.0
306,30.6,0.0
307,30.700000000000003,0.0
308,30.8,0.0
309,30.900000000000002,0.0
310,31.0,0.0
311,31.1,0.0
312,31.200000000000003,0.0
313,31.3,0.0
314,31.400000000000002,0.0
315,31.5,0.0
316,31.6,0.0
317,31.700000000000003,0.0
318,31.8,0.0
319,31.900000000000002,0.0
320,32.0,0.0
321,32.1,0.0
322,32.2,0.0
323,32.300000000000004,0.0
324,32.4,0.0
325,32.5,0.0
326,32.6,0.0
327,32.7,0.0
328,32.800000000000004,0.0
329,32.9,0.0
330,33.0,0.0
331,33.1,0.0
332,33.2,0.0
333,33.300000000000004,0.0
334,33.4,0.0
335,33.5,0.0
336,33.6,0.0
337,33.7,0.0
338,33.800000000000004,0.0
339,33.9,0.0
340,34.0,0.0
341,34.1,0.0
342,34.2,0.0
343,34.300000000000004,0.0
344,34.4,0.0
345,34.5,0.0
346,34.6,0.0
347,34.7,0.0
348,34.800000000000004,0.0
349,34.9,0.0
350,35.0,0.0
351,35.1,0.0
352,35.2,0.0
353,35.300000000000004,0.0
354,35.4,0.0
355,35.5,0.0
356,35.6,0.0
357,35.7,0.0
358,35.800000000000004,0.0
359,35.9,0.0
360,36.0,0.0
361,36.1,0.0
362,36.2,0.0
363,36.300000000000004,0.0
364,36.4,0.0
365,36.5,0.0
366,36.6,0.0
367,36.7,0.0
368,36.800000000000004,0.0
369,36.9,0.0
370,37.0,0.0
371,37.1,0.0
372,37.2,0.0
373,37.300000000000004,0.0
374,37.4,0.0
375,37.5,0.0
376,37.6,0.0
377,37.7,0.0
378,37.800000000000004,0.0
379,37.9,0.0
380,38.0,0.0
381,38.1,0.0
382,38.2,0.0
383,38.300000000000004,0.0
384,38.400000000000006,0.0
385,38.5,0.0
386,38.6,0.0
387,38.7,0.0
388,38.800000000000004,0.0
389,38.900000000000006,0.0
390,39.0,0.0
391,39.1,0.0
392,39.2,0.0
393,39.300000000000004,0.0
394,39.400000000000006,0.0
395,39.5,0.0
396,39.6,0.0
397,39.7,0.0
398,39.800000000000004,0.0
399,39.900000000000006,0.0
400,40.0,0.0
401,40.1,0.0
402,40.2,0.0
403,40.300000000000004,0.0
404,40.400000000000006,0.0
405,40.5,0.0
406,40.6,0.0
407,40.7,0.0
408,40.800000000000004,0.0
409,40.900000000000006,0.0
410,41.0,0.0
411,41.1,0.0
412,41.2,0.0
413,41.300000000000004,0.0
414,41.400000000000006,0.0
415,41.5,0.0
416,41.6,0.0
417,41.7,0.0
418,41.800000000000004,0.0
419,41.900000000000006,0.0
420,42.0,0.0
421,42.1,0.0
422,42.2,0.0
423,42.300000000000004,0.0
424,42.400000000000006,0.0
425,42.5,0.0
426,42.6,0.0
427,42.7,0.0
428,42.800000000000004,0.0
429,42.900000000000006,0.0
430,43.0,0.0
431,43.1,0.0
432,43.2,0.0
433,43.300000000000004,0.0
434,43.400000000000006,0.0
435,43.5,0.0
436,43.6,0.0
437,43.7,0.0
438,43.800000000000004,0.0
439,43.900000000000006,0.0
440,44.0,0.0
441,44.1,0.0
442,44.2,0.0
443,44.300000000000004,0.0
444,44.400000000000006,0.0
445,44.5,0.0
446,44.6,0.0
447,44.7,0.0
448,44.800000000000004,0.0
449,44.900000000000006,0.0
450,45.0,0.0
451,45.1,0.0
452,45.2,0.0
453,45.300000000000004,0.0
454,45.400000000000006,0.0
455,45.5,0.0
456,45.6,0.0
457,45.7,0.0
458,45.800000000000004,0.0
459,45.900000000000006,0.0
460,46.0,0.0
461,46.1,0.0
462,46.2,0.0
463,46.300000000000004,0.0
464,46.400000000000006,0.0
465,46.5,0.0
466,46.6,0.0
467,46.7,0.0
468,46.800000000000004,0.0
469,46.900000000000006,0.0
470,47.0,0.0
471,47.1,0.0
472,47.2,0.0
473,47.300000000000004,0.0
474,47.400000000000006,0.0
475,47.5,0.0
476,47.6,0.0
477,47.7,0.0
478,47.800000000000004,0.0
479,47.900000000000006,0.0
480,48.0,0.0
481,48.1,0.0
482,48.2,0.0
483,48.300000000000004,0.0
484,48.400000000000006,0.0
485,48.5,0.0
486,48.6,0.0
487,48.7,0.0
488,48.800000000000004,0.0
489,48.900000000000006,0.0
490,49.0,0.0
491,49.1,0.0
492,49.2,0.0
493,49.300000000000004,0.0
494,49.400000000000006,0.0
495,49.5,0.0
496,49.6,0.0
497,49.7,0.0
498,49.800000000000004,0.0
499,49.900000000000006,0.0
500,50.0,0.0
501,50.1,0.0
502,50.2,0.0
503,50.300000000000004,0.0
504,50.400000000000006,0.0
505,50.5,0.0
506,50.6,0.0
507,50.7,0.0
508,50.800000000000004,0.0
509,50.900000000000006,0.0
510,51.0,0.0
511,51.1,0.0
512,51.2,0.0
513,51.300000000000004,0.0
514,51.400000000000006,0.0
515,51.5,0.0
516,51.6,0.0
517,51.7,0.0
518,51.800000000000004,0.0
519,51.900000000000006,0.0
520,52.0,0.0
521,52.1,0.0
522,52.2,0.0
523,52.300000000000004,0.0
524,52.400000000000006,0.0
525,52.5,0.0
526,52.6,0.0
527,52.7,0.0
528,52.800000000000004,0.0
529,52.900000000000006,0.0
530,53.0,0.0
531,53.1,0.0
532,53.2,0.0
533,53.300000000000004,0.0
534,53.400000000000006,0.0
535,53.5,0.0
536,53.6,0.0
537,53.7,0.0
538,53.800000000000004,0.0
539,53.900000000000006,0.0
540,54.0,0.0
541,54.1,0.0
542,54.2,0.0
543,54.300000000000004,0.0
544,54.400000000000006,0.0
545,54.5,0.0
546,54.6,0.0
547,54.7,0.0
548,54.800000000000004,0.0
549,54.900000000000006,0.0
550,55.0,0.0
551,55.1,0.0
552,55.2,0.0
553,55.300000000000004,0.0
554,55.400000000000006,0.0
555,55.5,0.0
556,55.6,0.0
557,55.7,0.0
558,55.800000000000004,0.0
559,55.900000000000006,0.0
560,56.0,0.0
561,56.1,0.0
562,56.2,0.0
563,56.300000000000004,0.0
564,56.400000000000006,0.0
565,56.5,0.0
566,56.6,0.0
567,56.7,0.0
568,56.800000000000004,0.0
569,56.900000000000006,0.0
570,57.0,0.0
571,57.1,0.0
572,57.2,0.0
573,57.300000000000004,0.0
574,57.400000000000006,0.0
575,57.5,0.0
576,57.6,0.0
577,57.7,0.0
578,57.800000000000004,0.0
579,57.900000000000006,0.0
580,58.0,0.0
581,58.1,0.0
582,58.2,0.0
583,58.300000000000004,0.0
584,58.400000000000006,0.0
585,58.5,0.0
586,58.6,0.0
587,58.7,0.0
588,58.800000000000004,0.0
589,58.900000000000006,0.0
590,59.0,0.0
591,59.1,0.0
592,59.2,0.0
593,59.300000000000004,0.0
594,59.400000000000006,0.0
595,59.5,0.0
596,59.6,0.0
597,59.7,0.0
598,59.800000000000004,0.0
599,59.900000000000006,0.0
600,60.0,0.0
601,60.1,0.0
602,60.2,0.0
603,60.300000000000004,0.0
604,60.400000000000006,0.0
605,60.5,0.0
606,60.6,0.0
607,60.7,0.0
608,60.800000000000004,0.0
609,60.900000000000006,0.0
610,61.0,0.0
611,61.1,0.0
612,61.2,0.0
613,61.300000000000004,0.0
614,61.400000000000006,0.0
615,61.5,0.0
616,61.6,0.0
617,61.7,0.0
618,61.800000000000004,0.0
619,61.900000000000006,0.0
620,62.0,0.0
621,62.1,0.0
622,62.2,0.0
623,62.300000000000004,0.0
624,62.400000000000006,0.0
625,62.5,0.0
626,62.6,0.0
627,62.7,0.0
628,62.800000000000004,0.0
629,62.900000000000006,0.0
630,63.0,0.0
631,63.1,0.0
632,63.2,0.0
633,63.300000000000004,0.0
634,63.400000000000006,0.0
635,63.5,0.0
636,63.6,0.0
637,63.7,0.0
638,63.800000000000004,0.0
639,63.900000000000006,0.0
640,64.0,0.0
641,64.10000000000001,0.0
642,64.2,0.0
643,64.3,0.0
644,64.4,0.0
645,64.5,0.0
646,64.60000000000001,0.0
647,64.7,0.0
648,64.8,0.0
649,64.9,0.0
650,65.0,0.0
651,65.10000000000001,0.0
652,65.2,0.0
653,65.3,0.0
654,65.4,0.0
655,65.5,0.0
656,65.60000000000001,0.0
657,65.7,0.0
658,65.8,0.0
659,65.9,0.0
660,66.0,0.0
661,66.10000000000001,0.0
662,66.2,0.0
663,66.3,0.0
664,66.4,0.0
665,66.5,0.0
666,66.60000000000001,0.0
667,66.7,0.0
668,66.8,0.0
669,66.9,0.0
670,67.0,0.0
671,67.10000000000001,0.0
672,67.2,0.0
673,67.3,0.0
674,67.4,0.0
675,67.5,0.0
676,67.60000000000001,0.0
677,67.7,0.0
678,67.8,0.0
679,67.9,0.0
680,68.0,0.0
681,68.10000000000001,0.0
682,68.2,0.0
683,68.3,0.0
684,68.4,0.0
685,68.5,0.0
686,68.60000000000001,0.0
687,68.7,0.0
688,68.8,0.0
689,68.9,0.0
690,69.0,0.0
691,69.10000000000001,0.0
692,69.2,0.0
693,69.3,0.0
694,69.4,0.0
695,69.5,0.0
696,69.60000000000001,0.0
697,69.7,0.0
698,69.8,0.0
699,69.9,0.0
700,70.0,0.0
701,70.10000000000001,0.0
702,70.2,0.0
703,70.3,0.0
704,70.4,0.0
705,70.5,0.0
706,70.60000000000001,0.0
707,70.7,0.0
708,70.8,0.0
709,70.9,0.0
710,71.0,0.0
711,71.10000000000001,0.0
712,71.2,0.0
713,71.3,0.0
714,71.4,0.0
715,71.5,0.0
716,71.60000000000001,0.0
717,71.7,0.0
718,71.8,0.0
719,71.9,0.0
720,72.0,0.0
721,72.10000000000001,0.0
722,72.2,0.0
723,72.3,0.0
724,72.4,0.0
725,72.5,0.0
726,72.60000000000001,0.0
727,72.7,0.0
728,72.8,0.0
729,72.9,0.0
730,73.0,0.0
731,73.10000000000001,0.0
732,73.2,0.0
733,73.3,0.0
734,73.4,0.0
735,73.5,0.0
736,73.60000000000001,0.0
737,73.7,0.0
738,73.8,0.0
739,73.9,0.0
740,74.0,0.0
741,74.10000000000001,0.0
742,74.2,0.0
743,74.3,0.0
744,74.4,0.0
745,74.5,0.0
746,74.60000000000001,0.0
747,74.7,0.0
748,74.8,0.0
749,74.9,0.0
750,75.0,0.0
751,75.10000000000001,0.0
752,75.2,0.0
753,75.3,0.0
754,75.4,0.0
755,75.5,0.0
756,75.60000000000001,0.0
757,75.7,0.0
758,75.8,0.0
759,75.9,0.0
760,76.0,0.0
761,76.10000000000001,0.0
762,76.2,0.0
763,76.3,0.0
764,76.4,0.0
765,76.5,0.0
766,76.60000000000001,0.0
767,76.7,0.0
768,76.80000000000001,0.0
769,76.9,0.0
770,77.0,0.0
771,77.10000000000001,0.0
772,77.2,0.0
773,77.30000000000001,0.0
774,77.4,0.0
775,77.5,0.0
776,77.60000000000001,0.0
777,77.7,0.0
778,77.80000000000001,0.0
779,77.9,0.0
780,78.0,0.0
781,78.10000000000001,0.0
782,78.2,0.0
783,78.30000000000001,0.0
784,78.4,0.0
785,78.5,0.0
786,78.60000000000001,0.0
787,78.7,0.0
788,78.80000000000001,0.0
789,78.9,0.0
790,79.0,0.0
791,79.10000000000001,0.0
792,79.2,0.0
793,79.30000000000001,0.0
794,79.4,0.0
795,79.5,0.0
796,79.60000000000001,0.0
797,79.7,0.0
798,79.80000000000001,0.0
799,79.9,0.0
800,80.0,0.0
801,80.10000000000001,0.0
802,80.2,0.0
803,80.30000000000001,0.0
804,80.4,0.0
805,80.5,0.0
806,80.60000000000001,0.0
807,80.7,0.0
808,80.80000000000001,0.0
809,80.9,0.0
810,81.0,0.0
811,81.10000000000001,0.0
812,81.2,0.0
813,81.30000000000001,0.0
814,81.4,0.0
815,81.5,0.0
816,81.60000000000001,0.0
817,81.7,0.0
818,81.80000000000001,0.0
819,81.9,0.0
820,82.0,0.0
821,82.10000000000001,0.0
822,82.2,0.0
823,82.30000000000001,0.0
824,82.4,0.0
825,82.5,0.0
826,82.60000000000001,0.0
827,82.7,0.0
828,82.80000000000001,0.0
829,82.9,0.0
830,83.0,0.0
831,83.10000000000001,0.0
832,83.2,0.0
833,83.30000000000001,0.0
834,83.4,0.0
835,83.5,0.0
836,83.60000000000001,0.0
837,83.7,0.0
838,83.80000000000001,0.0
839,83.9,0.0
840,84.0,0.0
841,84.10000000000001,0.0
842,84.2,0.0
843,84.30000000000001,0.0
844,84.4,0.0
845,84.5,0.0
846,84.60000000000001,0.0
847,84.7,0.0
848,84.80000000000001,0.0
849,84.9,0.0
850,85.0,0.0
851,85.10000000000001,0.0
852,85.2,0.0
853,85.30000000000001,0.0
854,85.4,0.0
855,85.5,0.0
856,85.60000000000001,0.0
857,85.7,0.0
858,85.80000000000001,0.0
859,85.9,0.0
860,86.0,0.0
861,86.10000000000001,0.0
862,86.2,0.0
863,86.30000000000001,0.0
864,86.4,0.0
865,86.5,0.0
866,86.60000000000001,0.0
867,86.7,0.0
868,86.80000000000001,0.0
869,86.9,0.0
870,87.0,0.0
871,87.10000000000001,0.0
872,87.2,0.0
873,87.30000000000001,0.0
874,87.4,0.0
875,87.5,0.0
876,87.60000000000001,0.0
877,87.7,0.0
878,87.80000000000001,0.0
879,87.9,0.0
880,88.0,0.0
881,88.10000000000001,0.0
882,88.2,0.0
883,88.30000000000001,0.0
884,88.4,0.0
885,88.5,0.0
886,88.60000000000001,0.0
887,88.7,0.0
888,88.80000000000001,0.0
889,88.9,0.0
890,89.0,0.0
891,89.10000000000001,0.0
892,89.2,0.0
893,89.30000000000001,0.0
894,89.4,0.0
895,89.5,0.0
896,89.60000000000001,0.0
897,89.7,0.0
898,89.80000000000001,0.0
899,89.9,0.0
900,90.0,0.0
901,90.10000000000001,0.0
902,90.2,0.0
903,90.30000000000001,0.0
904,90.4,0.0
905,90.5,0.0
906,90.60000000000001,0.0
907,90.7,0.0
908,90.80000000000001,0.0
909,90.9,0.0
910,91.0,0.0
911,91.10000000000001,0.0
912,91.2,0.0
913,91.30000000000001,0.0
914,91.4,0.0
915,91.5,0.0
916,91.60000000000001,0.0
917,91.7,0.0
918,91.80000000000001,0.0
919,91.9,0.0
920,92.0,0.0
921,92.10000000000001,0.0
922,92.2,0.0
923,92.30000000000001,0.0
924,92.4,0.0
925,92.5,0.0
926,92.60000000000001,0.0
927,92.7,0.0
928,92.80000000000001,0.0
929,92.9,0.0
930,93.0,0.0
931,93.10000000000001,0.0
932,93.2,0.0
933,93.30000000000001,0.0
934,93.4,0.0
935,93.5,0.0
936,93.60000000000001,0.0
937,93.7,0.0
938,93.80000000000001,0.0
939,93.9,0.0
940,94.0,0.0
941,94.10000000000001,0.0
942,94.2,0.0
943,94.30000000000001,0.0
944,94.4,0.0
945,94.5,0.0
946,94.60000000000001,0.0
947,94.7,0.0
948,94.80000000000001,0.0
949,94.9,0.0
950,95.0,0.0
951,95.10000000000001,0.0
952,95.2,0.0
953,95.30000000000001,0.0
954,95.4,0.0
955,95.5,0.0
956,95.60000000000001,0.0
957,95.7,0.0
958,95.80000000000001,0.0
959,95.9,0.0
960,96.0,0.0
961,96.10000000000001,0.0
962,96.2,0.0
963,96.30000000000001,0.0
964,96.4,0.0
965,96.5,0.0
966,96.60000000000001,0.0
967,96.7,0.0
968,96.80000000000001,0.0
969,96.9,0.0
970,97.0,0.0
971,97.10000000000001,0.0
972,97.2,0.0
973,97.30000000000001,0.0
974,97.4,0.0
975,97.5,0.0
976,97.60000000000001,0.0
977,97.7,0.0
978,97.80000000000001,0.0
979,97.9,0.0
980,98.0,0.0
981,98.10000000000001,0.0
982,98.2,0.0
983,98.30000000000001,0.0
984,98.4,0.0
985,98.5,0.0
986,98.60000000000001,0.0
987,98.7,0.0
988,98.80000000000001,0.0
989,98.9,0.0
990,99.0,0.0
991,99.10000000000001,0.0
992,99.2,0.0
993,99.30000000000001,0.0
994,99.4,0.0
995,99.5,0.0
996,99.60000000000001,0.0
997,99.7,0.0
998,99.80000000000001,0.0
999,99.9,0.0
1000,100.0,0.0
1001,100.10000000000001,0.0
1002,100.2,0.0
1003,100.30000000000001,0.0
1004,100.4,0.0
1005,100.5,0.0
1006,100.60000000000001,0.0
1007,100.7,0.0
1008,100.80000000000001,0.0
1009,100.9,0.0
1010,101.0,0.0
1011,101.10000000000001,0.0
1012,101.2,0.0
1013,101.30000000000001,0.0
1014,101.4,0.0
1015,101.5,0.0
1016,101.60000000000001,0.0
1017,101.7,0.0
1018,101.80000000000001,0.0
1019,101.9,0.0
1020,102.0,0.0
1021,102.10000000000001,0.0
1022,102.2,0.0
1023,102.30000000000001,0.0
1024,102.4,0.0
1025,102.5,0.0
1026,102.60000000000001,0.0
1027,102.7,0.0
1028,102.80000000000001,0.0
1029,102.9,0.0
1030,103.0,0.0
1031,103.10000000000001,0.0
1032,103.2,0.0
1033,103.30000000000001,0.0
1034,103.4,0.0
1035,103.5,0.0
1036,103.60000000000001,0.0
1037,103.7,0.0
1038,103.80000000000001,0.0
1039,103.9,0.0
1040,104.0,0.0
1041,104.10000000000001,0.0
1042,104.2,0.0
1043,104.30000000000001,0.0
1044,104.4,0.0
1045,104.5,0.0
1046,104.60000000000001,0.0
1047,104.7,0.0
1048,104.80000000000001,0.0
1049,104.9,0.0
1050,105.0,0.0
1051,105.10000000000001,0.0
1052,105.2,0.0
1053,105.30000000000001,0.0
1054,105.4,0.0
1055,105.5,0.0
1056,105.60000000000001,0.0
1057,105.7,0.0
1058,105.80000000000001,0.0
1059,105.9,0.0
1060,106.0,0.0
1061,106.10000000000001,0.0
1062,106.2,0.0
1063,106.30000000000001,0.0
1064,106.4,0.0
1065,106.5,0.0
1066,106.60000000000001,0.0
1067,106.7,0.0
1068,106.80000000000001,0.0
1069,106.9,0.0
1070,107.0,0.0
1071,107.10000000000001,0.0
1072,107.2,0.0
1073,107.30000000000001,0.0
1074,107.4,0.0
1075,107.5,0.0
1076,107.60000000000001,0.0
1077,107.7,0.0
1078,107.80000000000001,0.0
1079,107.9,0.0
1080,108.0,0.0
1081,108.10000000000001,0.0
1082,108.2,0.0
1083,108.30000000000001,0.0
1084,108.4,0.0
1085,108.5,0.0
1086,108.60000000000001,0.0
1087,108.7,0.0
1088,108.80000000000001,0.0
1089,108.9,0.0
1090,109.0,0.0
1091,109.10000000000001,0.0
1092,109.2,0.0
1093,109.30000000000001,0.0
1094,109.4,0.0
1095,109.5,0.0
1096,109.60000000000001,0.0
1097,109.7,0.0
1098,109.80000000000001,0.0
1099,109.9,0.0
1100,110.0,0.0
1101,110.10000000000001,0.0
1102,110.2,0.0
1103,110.30000000000001,0.0
1104,110.4,0.0
1105,110.5,0.0
1106,110.60000000000001,0.0
1107,110.7,0.0
1108,110.80000000000001,0.0
1109,110.9,0.0
1110,111.0,0.0
1111,111.10000000000001,0.0
1112,111.2,0.0
1113,111.30000000000001,0.0
1114,111.4,0.0
1115,111.5,0.0
1116,111.60000000000001,0.0
1117,111.7,0.0
1118,111.80000000000001,0.0
1119,111.9,0.0
1120,112.0,0.0
1121,112.10000000000001,0.0
1122,112.2,0.0
1123,112.30000000000001,0.0
1124,112.4,0.0
1125,112.5,0.0
1126,112.60000000000001,0.0
1127,112.7,0.0
1128,112.80000000000001,0.0
1129,112.9,0.0
1130,113.0,0.0
1131,113.10000000000001,0.0
1132,113.2,0.0
1133,113.30000000000001,0.0
1134,113.4,0.0
1135,113.5,0.0
1136,113.60000000000001,0.0
1137,113.7,0.0
1138,113.80000000000001,0.0
1139,113.9,0.0
1140,114.0,0.0
1141,114.10000000000001,0.0
1142,114.2,0.0
1143,114.30000000000001,0.0
1144,114.4,0.0
1145,114.5,0.0
1146,114.60000000000001,0.0
1147,114.7,0.0
1148,114.80000000000001,0.0
1149,114.9,0.0
1150,115.0,0.0
1151,115.10000000000001,0.0
1152,115.2,0.0
1153,115.30000000000001,0.0
1154,115.4,0.0
1155,115.5,0.0
1156,115.60000000000001,0.0
1157,115.7,0.0
1158,115.80000000000001,0.0
1159,115.9,0.0
1160,116.0,0.0
1161,116.10000000000001,0.0
1162,116.2,0.0
1163,116.30000000000001,0.0
1164,116.4,0.0
1165,116.5,0.0
1166,116.60000000000001,0.0
1167,116.7,0.0
1168,116.80000000000001,0.0
1169,116.9,0.0
1170,117.0,0.0
1171,117.10000000000001,0.0
1172,117.2,0.0
1173,117.30000000000001,0.0
1174,117.4,0.0
1175,117.5,0.0
1176,117.60000000000001,0.0
1177,117.7,0.0
1178,117.80000000000001,0.0
1179,117.9,0.0
1180,118.0,0.0
1181,118.10000000000001,0.0
1182,118.2,0.0
1183,118.30000000000001,0.0
1184,118.4,0.0
1185,118.5,0.0
1186,118.60000000000001,0.0
1187,118.7,0.0
1188,118.80000000000001,0.0
1189,118.9,0.0
1190,119.0,0.0
1191,119.10000000000001,0.0
1192,119.2,0.0
1193,119.30000000000001,0.0
1194,119.4,0.0
1195,119.5,0.0
1196,119.60000000000001,0.0
1197,119.7,0.0
1198,119.80000000000001,0.0
1199,119.9,0.0
1200,120.0,0.0
1201,120.10000000000001,0.0
1202,120.2,0.0
1203,120.30000000000001,0.0
1204,120.4,0.0
1205,120.5,0.0
1206,120.60000000000001,0.0
1207,120.7,0.0
1208,120.80000000000001,0.0
1209,120.9,0.0
1210,121.0,0.0
1211,121.10000000000001,0.0
1212,121.2,0.0
1213,121.30000000000001,0.0
1214,121.4,0.0
1215,121.5,0.0
1216,121.60000000000001,0.0
1217,121.7,0.0
1218,121.80000000000001,0.0
1219,121.9,0.0
1220,122.0,0.0
1221,122.10000000000001,0.0
1222,122.2,0.0
1223,122.30000000000001,0.0
1224,122.4,0.0
1225,122.5,0.0
1226,122.60000000000001,0.0
1227,122.7,0.0
1228,122.80000000000001,0.0
1229,122.9,0.0
1230,123.0,0.0
1231,123.10000000000001,0.0
1232,123.2,0.0
1233,123.30000000000001,0.0
1234,123.4,0.0
1235,123.5,0.0
1236,123.60000000000001,0.0
1237,123.7,0.0
1238,123.80000000000001,0.0
1239,123.9,0.0
1240,124.0,0.0
1241,124.10000000000001,0.0
1242,124.2,0.0
1243,124.30000000000001,0.0
1244,124.4,0.0
1245,124.5,0.0
1246,124.60000000000001,0.0
1247,124.7,0.0
1248,124.80000000000001,0.0
1249,124.9,0.0
1250,125.0,0.0
1251,125.10000000000001,0.0
1252,125.2,0.0
1253,125.30000000000001,0.0
1254,125.4,0.0
1255,125.5,0.0
1256,125.60000000000001,0.0
1257,125.7,0.0
1258,125.80000000000001,0.0
1259,125.9,0.0
1260,126.0,0.0
1261,126.10000000000001,0.0
1262,126.2,0.0
1263,126.30000000000001,0.0
1264,126.4,0.0
1265,126.5,0.0
1266,126.60000000000001,0.0
1267,126.7,0.0
1268,126.80000000000001,0.0
1269,126.9,0.0
1270,127.0,0.0
1271,127.10000000000001,0.0
1272,127.2,0.0
1273,127.30000000000001,0.0
1274,127.4,0.0
1275,127.5,0.0
1276,127.60000000000001,0.0
1277,127.7,0.0
1278,127.80000000000001,0.0
1279,127.9,0.0
1280,128.0,0.0
1281,128.1,0.0
1282,128.20000000000002,0.0
1283,128.3,0.0
1284,128.4,0.0
1285,128.5,0.0
1286,128.6,0.0
1287,128.70000000000002,0.0
1288,128.8,0.0
1289,128.9,0.0
1290,129.0,0.0
1291,129.1,0.0
1292,129.20000000000002,0.0
1293,129.3,0.0
1294,129.4,0.0
1295,129.5,0.0
1296,129.6,0.0
1297,129.70000000000002,0.0
1298,129.8,0.0
1299,129.9,0.0
1300,130.0,0.0
1301,130.1,0.0
1302,130.20000000000002,0.0
1303,130.3,0.0
1304,130.4,0.0
1305,130.5,0.0
1306,130.6,0.0
1307,130.70000000000002,0.0
1308,130.8,0.0
1309,130.9,0.0
1310,131.0,0.0
1311,131.1,0.0
1312,131.20000000000002,0.0
1313,131.3,0.0
1314,131.4,0.0
1315,131.5,0.0
1316,131.6,0.0
1317,131.70000000000002,0.0
1318,131.8,0.0
1319,131.9,0.0
1320,132.0,0.0
1321,132.1,0.0
1322,132.20000000000002,0.0
1323,132.3,0.0
1324,132.4,0.0
1325,132.5,0.0
1326,132.6,0.0
1327,132.70000000000002,0.0
1328,132.8,0.0
1329,132.9,0.0
1330,133.0,0.0
1331,133.1,0.0
1332,133.20000000000002,0.0
1333,133.3,0.0
1334,133.4,0.0
1335,133.5,0.0
1336,133.6,0.0
1337,133.70000000000002,0.0
1338,133.8,0.0
1339,133.9,0.0
1340,134.0,0.0
1341,134.1,0.0
1342,134.20000000000002,0.0
1343,134.3,0.0
1344,134.4,0.0
1345,134.5,0.0
1346,134.6,0.0
1347,134.70000000000002,0.0
1348,134.8,0.0
1349,134.9,0.0
1350,135.0,0.0
1351,135.1,0.0
1352,135.20000000000002,0.0
1353,135.3,0.0
1354,135.4,0.0
1355,135.5,0.0
1356,135.6,0.0
1357,135.70000000000002,0.0
1358,135.8,0.0
1359,135.9,0.0
1360,136.0,0.0
1361,136.1,0.0
1362,136.20000000000002,0.0
1363,136.3,0.0
1364,136.4,0.0
1365,136.5,0.0
1366,136.6,0.0
1367,136.70000000000002,0.0
1368,136.8,0.0
1369,136.9,0.0
1370,137.0,0.0
1371,137.1,0.0
1372,137.20000000000002,0.0
1373,137.3,0.0
1374,137.4,0.0
1375,137.5,0.0
1376,137.6,0.0
1377,137.70000000000002,0.0
1378,137.8,0.0
1379,137.9,0.0
1380,138.0,0.0
1381,138.1,0.0
1382,138.20000000000002,0.0
1383,138.3,0.0
1384,138.4,0.0
1385,138.5,0.0
1386,138.6,0.0
1387,138.70000000000002,0.0
1388,138.8,0.0
1389,138.9,0.0
1390,139.0,0.0
1391,139.1,0.0
1392,139.20000000000002,0.0
1393,139.3,0.0
1394,139.4,0.0
1395,139.5,0.0
1396,139.6,0.0
1397,139.70000000000002,0.0
1398,139.8,0.0
1399,139.9,0.0
1400,140.0,0.0
1401,140.1,0.0
1402,140.20000000000002,0.0
1403,140.3,0.0
1404,140.4,0.0
1405,140.5,0.0
1406,140.6,0.0
1407,140.70000000000002,0.0
1408,140.8,0.0
1409,140.9,0.0
1410,141.0,0.0
1411,141.1,0.0
1412,141.20000000000002,0.0
1413,141.3,0.0
1414,141.4,0.0
1415,141.5,0.0
1416,141.6,0.0
1417,141.70000000000002,0.0
1418,141.8,0.0
1419,141.9,0.0
1420,142.0,0.0
1421,142.1,0.0
1422,142.20000000000002,0.0
1423,142.3,0.0
1424,142.4,0.0
1425,142.5,0.0
1426,142.6,0.0
1427,142.70000000000002,0.0
1428,142.8,0.0
1429,142.9,0.0
1430,143.0,0.0
1431,143.1,0.0
1432,143.20000000000002,0.0
1433,143.3,0.0
1434,143.4,0.0
1435,143.5,0.0
1436,143.6,0.0
1437,143.70000000000002,0.0
1438,143.8,0.0
1439,143.9,0.0
1440,144.0,0.0
1441,144.1,0.0
1442,144.20000000000002,0.0
1443,144.3,0.0
1444,144.4,0.0
1445,144.5,0.0
1446,144.6,0.0
1447,144.70000000000002,0.0
1448,144.8,0.0
1449,144.9,0.0
1450,145.0,0.0
1451,145.1,0.0
1452,145.20000000000002,0.0
1453,145.3,0.0
1454,145.4,0.0
1455,145.5,0.0
1456,145.6,0.0
1457,145.70000000000002,0.0
1458,145.8,0.0
1459,145.9,0.0
1460,146.0,0.0
1461,146.1,0.0
1462,146.20000000000002,0.0
1463,146.3,0.0
1464,146.4,0.0
1465,146.5,0.0
1466,146.6,0.0
1467,146.70000000000002,0.0
1468,146.8,0.0
1469,146.9,0.0
1470,147.0,0.0
1471,147.1,0.0
1472,147.20000000000002,0.0
1473,147.3,0.0
1474,147.4,0.0
1475,147.5,0.0
1476,147.6,0.0
1477,147.70000000000002,0.0
1478,147.8,0.0
1479,147.9,0.0
1480,148.0,0.0
1481,148.1,0.0
1482,148.20000000000002,0.0
1483,148.3,0.0
1484,148.4,0.0
1485,148.5,0.0
1486,148.6,0.0
1487,148.70000000000002,0.0
1488,148.8,0.0
1489,148.9,0.0
1490,149.0,0.0
1491,149.1,0.0
1492,149.20000000000002,0.0
1493,149.3,0.0
1494,149.4,0.0
1495,149.5,0.0
1496,149.6,0.0
1497,149.70000000000002,0.0
1498,149.8,0.0
1499,149.9,0.0
1500,150.0,0.0
1501,150.1,0.0
1502,150.20000000000002,0.0
1503,150.3,0.0
1504,150.4,0.0
1505,150.5,0.0
1506,150.6,0.0
1507,150.70000000000002,0.0
1508,150.8,0.0
1509,150.9,0.0
1510,151.0,0.0
1511,151.1,0.0
1512,151.20000000000002,0.0
1513,151.3,0.0
1514,151.4,0.0
1515,151.5,0.0
1516,151.6,0.0
1517,151.70000000000002,0.0
1518,151.8,0.0
1519,151.9,0.0
1520,152.0,0.0
1521,152.1,0.0
1522,152.20000000000002,0.0
1523,152.3,0.0
1524,152.4,0.0
1525,152.5,0.0
1526,152.6,0.0
1527,152.70000000000002,0.0
1528,152.8,0.0
1529,152.9,0.0
1530,153.0,0.0
1531,153.1,0.0
1532,153.20000000000002,0.0
1533,153.3,0.0
1534,153.4,0.0
1535,153.5,0.0
1536,153.60000000000002,0.0
1537,153.70000000000002,0.0
1538,153.8,0.0
1539,153.9,0.0
1540,154.0,0.0
1541,154.10000000000002,0.0
1542,154.20000000000002,0.0
1543,154.3,0.0
1544,154.4,0.0
1545,154.5,0.0
1546,154.60000000000002,0.0
1547,154.70000000000002,0.0
1548,154.8,0.0
1549,154.9,0.0
1550,155.0,0.0
1551,155.10000000000002,0.0
1552,155.20000000000002,0.0
1553,155.3,0.0
1554,155.4,0.0
1555,155.5,0.0
1556,155.60000000000002,0.0
1557,155.70000000000002,0.0
1558,155.8,0.0
1559,155.9,0.0
1560,156.0,0.0
1561,156.10000000000002,0.0
1562,156.20000000000002,0.0
1563,156.3,0.0
1564,156.4,0.0
1565,156.5,0.0
1566,156.60000000000002,0.0
1567,156.70000000000002,0.0
1568,156.8,0.0
1569,156.9,0.0
1570,157.0,0.0
1571,157.10000000000002,0.0
1572,157.20000000000002,0.0
1573,157.3,0.0
1574,157.4,0.0
1575,157.5,0.0
1576,157.60000000000002,0.0
1577,157.70000000000002,0.0
1578,157.8,0.0
1579,157.9,0.0
1580,158.0,0.0
1581,158.10000000000002,0.0
1582,158.20000000000002,0.0
1583,158.3,0.0
1584,158.4,0.0
1585,158.5,0.0
1586,158.60000000000002,0.0
1587,158.70000000000002,0.0
1588,158.8,0.0
1589,158.9,0.0
1590,159.0,0.0
1591,159.10000000000002,0.0
1592,159.20000000000002,0.0
1593,159.3,0.0
1594,159.4,0.0
1595,159.5,0.0
1596,159.60000000000002,0.0
1597,159.70000000000002,0.0
1598,159.8,0.0
1599,159.9,0.0
1600,160.0,0.0
1601,160.10000000000002,0.0
1602,160.20000000000002,0.0
1603,160.3,0.0
1604,160.4,0.0
1605,160.5,0.0
1606,160.60000000000002,0.0
1607,160.70000000000002,0.0
1608,160.8,0.0
1609,160.9,0.0
1610,161.0,0.0
1611,161.10000000000002,0.0
1612,161.20000000000002,0.0
1613,161.3,0.0
1614,161.4,0.0
1615,161.5,0.0
1616,161.60000000000002,0.0
1617,161.70000000000002,0.0
1618,161.8,0.0
1619,161.9,0.0
1620,162.0,0.0
1621,162.10000000000002,0.0
1622,162.20000000000002,0.0
1623,162.3,0.0
1624,162.4,0.0
1625,162.5,0.0
1626,162.60000000000002,0.0
1627,162.70000000000002,0.0
1628,162.8,0.0
1629,162.9,0.0
1630,163.0,0.0
1631,163.10000000000002,0.0
1632,163.20000000000002,0.0
1633,163.3,0.0
1634,163.4,0.0
1635,163.5,0.0
1636,163.60000000000002,0.0
1637,163.70000000000002,0.0
1638,163.8,0.0
1639,163.9,0.0
1640,164.0,0.0
1641,164.10000000000002,0.0
1642,164.20000000000002,0.0
1643,164.3,0.0
1644,164.4,0.0
1645,164.5,0.0
1646,164.60000000000002,0.0
1647,164.70000000000002,0.0
1648,164.8,0.0
1649,164.9,0.0
1650,165.0,0.0
1651,165.10000000000002,0.0
1652,165.20000000000002,0.0
1653,165.3,0.0
1654,165.4,0.0
1655,165.5,0.0
1656,165.60000000000002,0.0
1657,165.70000000000002,0.0
1658,165.8,0.0
1659,165.9,0.0
1660,166.0,0.0
1661,166.10000000000002,0.0
1662,166.20000000000002,0.0
1663,166.3,0.0
1664,166.4,0.0
1665,166.5,0.0
1666,166.60000000000002,0.0
1667,166.70000000000002,0.0
1668,166.8,0.0
1669,166.9,0.0
1670,167.0,0.0
1671,167.10000000000002,0.0
1672,167.20000000000002,0.0
1673,167.3,0.0
1674,167.4,0.0
1675,167.5,0.0
1676,167.60000000000002,0.0
1677,167.70000000000002,0.0
1678,167.8,0.0
1679,167.9,0.0
1680,168.0,0.0
1681,168.10000000000002,0.0
1682,168.20000000000002,0.0
1683,168.3,0.0
1684,168.4,0.0
1685,168.5,0.0
1686,168.60000000000002,0.0
1687,168.70000000000002,0.0
1688,168.8,0.0
1689,168.9,0.0
1690,169.0,0.0
1691,169.10000000000002,0.0
1692,169.20000000000002,0.0
1693,169.3,0.0
1694,169.4,0.0
1695,169.5,0.0
1696,169.60000000000002,0.0
1697,169.70000000000002,0.0
1698,169.8,0.0
1699,169.9,0.0
1700,170.0,0.0
1701,170.10000000000002,0.0
1702,170.20000000000002,0.0
1703,170.3,0.0
1704,170.4,0.0
1705,170.5,0.0
1706,170.60000000000002,0.0
1707,170.70000000000002,0.0
1708,170.8,0.0
1709,170.9,0.0
1710,171.0,0.0
1711,171.10000000000002,0.0
1712,171.20000000000002,0.0
1713,171.3,0.0
1714,171.4,0.0
1715,171.5,0.0
1716,171.60000000000002,0.0
1717,171.70000000000002,0.0
1718,171.8,0.0
1719,171.9,0.0
1720,172.0,0.0
1721,172.10000000000002,0.0
1722,172.20000000000002,0.0
1723,172.3,0.0
1724,172.4,0.0
1725,172.5,0.0
1726,172.60000000000002,0.0
1727,172.70000000000002,0.0
1728,172.8,0.0
1729,172.9,0.0
1730,173.0,0.0
1731,173.10000000000002,0.0
1732,173.20000000000002,0.0
1733,173.3,0.0
1734,173.4,0.0
1735,173.5,0.0
1736,173.60000000000002,0.0
1737,173.70000000000002,0.0
1738,173.8,0.0
1739,173.9,0.0
1740,174.0,0.0
1741,174.10000000000002,0.0
1742,174.20000000000002,0.0
1743,174.3,0.0
1744,174.4,0.0
1745,174.5,0.0
1746,174.60000000000002,0.0
1747,174.70000000000002,0.0
1748,174.8,0.0
1749,174.9,0.0
1750,175.0,0.0
1751,175.10000000000002,0.0
1752,175.20000000000002,0.0
1753,175.3,0.0
1754,175.4,0.0
1755,175.5,0.0
1756,175.60000000000002,0.0
1757,175.70000000000002,0.0
1758,175.8,0.0
1759,175.9,0.0
1760,176.0,0.0
1761,176.10000000000002,0.0
1762,176.20000000000002,0.0
1763,176.3,0.0
1764,176.4,0.0
1765,176.5,0.0
1766,176.60000000000002,0.0
1767,176.70000000000002,0.0
1768,176.8,0.0
1769,176.9,0.0
1770,177.0,0.0
1771,177.10000000000002,0.0
1772,177.20000000000002,0.0
1773,177.3,0.0
1774,177.4,0.0
1775,177.5,0.0
1776,177.60000000000002,0.0
1777,177.70000000000002,0.0
1778,177.8,0.0
1779,177.9,0.0
1780,178.0,0.0
1781,178.10000000000002,0.0
1782,178.20000000000002,0.0
1783,178.3,0.0
1784,178.4,0.0
1785,178.5,0.0
1786,178.60000000000002,0.0
1787,178.70000000000002,0.0
1788,178.8,0.0
1789,178.9,0.0
1790,179.0,0.0
1791,179.10000000000002,0.0
1792,179.20000000000002,0.0
1793,179.3,0.0
1794,179.4,0.0
1795,179.5,0.0
1796,179.60000000000002,0.0
1797,179.70000000000002,0.0
1798,179.8,0.0
1799,179.9,0.0
1800,180.0,0.0
1801,180.10000000000002,0.0
1802,180.20000000000002,0.0
1803,180.3,0.0
1804,180.4,0.0
1805,180.5,0.0
1806,180.60000000000002,0.0
1807,180.70000000000002,0.0
1808,180.8,0.0
1809,180.9,0.0
1810,181.0,0.0
1811,181.10000000000002,0.0
1812,181.20000000000002,0.0
1813,181.3,0.0
1814,181.4,0.0
1815,181.5,0.0
1816,181.60000000000002,0.0
1817,181.70000000000002,0.0
1818,181.8,0.0
1819,181.9,0.0
1820,182.0,0.0
1821,182.10000000000002,0.0
1822,182.20000000000002,0.0
1823,182.3,0.0
1824,182.4,0.0
1825,182.5,0.0
1826,182.60000000000002,0.0
1827,182.70000000000002,0.0
1828,182.8,0.0
1829,182.9,0.0
1830,183.0,0.0
1831,183.10000000000002,0.0
1832,183.20000000000002,0.0
1833,183.3,0.0
1834,183.4,0.0
1835,183.5,0.0
1836,183.60000000000002,0.0
1837,183.70000000000002,0.0
1838,183.8,0.0
1839,183.9,0.0
1840,184.0,0.0
1841,184.10000000000002,0.0
1842,184.20000000000002,0.0
1843,184.3,0.0
1844,184.4,0.0
1845,184.5,0.0
1846,184.60000000000002,0.0
1847,184.70000000000002,0.0
1848,184.8,0.0
1849,184.9,0.0
1850,185.0,0.0
1851,185.10000000000002,0.0
1852,185.20000000000002,0.0
1853,185.3,0.0
1854,185.4,0.0
1855,185.5,0.0
1856,185.60000000000002,0.0
1857,185.70000000000002,0.0
1858,185.8,0.0
1859,185.9,0.0
1860,186.0,0.0
1861,186.10000000000002,0.0
1862,186.20000000000002,0.0
1863,186.3,0.0
1864,186.4,0.0
1865,186.5,0.0
1866,186.60000000000002,0.0
1867,186.70000000000002,0.0
1868,186.8,0.0
1869,186.9,0.0
1870,187.0,0.0
1871,187.10000000000002,0.0
1872,187.20000000000002,0.0
1873,187.3,0.0
1874,187.4,0.0
1875,187.5,0.0
1876,187.60000000000002,0.0
1877,187.70000000000002,0.0
1878,187.8,0.0
1879,187.9,0.0
1880,188.0,0.0
1881,188.10000000000002,0.0
1882,188.20000000000002,0.0
1883,188.3,0.0
1884,188.4,0.0
1885,188.5,0.0
1886,188.60000000000002,0.0
1887,188.70000000000002,0.0
1888,188.8,0.0
1889,188.9,0.0
1890,189.0,0.0
1891,189.10000000000002,0.0
1892,189.20000000000002,0.0
1893,189.3,0.0
1894,189.4,0.0
1895,189.5,0.0
1896,189.60000000000002,0.0
1897,189.70000000000002,0.0
1898,189.8,0.0
1899,189.9,0.0
1900,190.0,0.0
1901,190.10000000000002,0.0
1902,190.20000000000002,0.0
1903,190.3,0.0
1904,190.4,0.0
1905,190.5,0.0
1906,190.60000000000002,0.0
1907,190.70000000000002,0.0
1908,190.8,0.0
1909,190.9,0.0
1910,191.0,0.0
1911,191.10000000000002,0.0
1912,191.20000000000002,0.0
1913,191.3,0.0
1914,191.4,0.0
1915,191.5,0.0
1916,191.60000000000002,0.0
1917,191.70000000000002,0.0
1918,191.8,0.0
1919,191.9,0.0
1920,192.0,0.0
1921,192.10000000000002,0.0
1922,192.20000000000002,0.0
1923,192.3,0.0
1924,192.4,0.0
1925,192.5,0.0
1926,192.60000000000002,0.0
1927,192.70000000000002,0.0
1928,192.8,0.0
1929,192.9,0.0
1930,193.0,0.0
1931,193.10000000000002,0.0
1932,193.20000000000002,0.0
1933,193.3,0.0
1934,193.4,0.0
1935,193.5,0.0
1936,193.60000000000002,0.0
1937,193.70000000000002,0.0
1938,193.8,0.0
1939,193.9,0.0
1940,194.0,0.0
1941,194.10000000000002,0.0
1942,194.20000000000002,0.0
1943,194.3,0.0
1944,194.4,0.0
1945,194.5,0.0
1946,194.60000000000002,0.0
1947,194.70000000000002,0.0
1948,194.8,0.0
1949,194.9,0.0
1950,195.0,0.0
1951,195.10000000000002,0.0
1952,195.20000000000002,0.0
1953,195.3,0.0
1954,195.4,0.0
1955,195.5,0.0
1956,195.60000000000002,0.0
1957,195.70000000000002,0.0
1958,195.8,0.0
1959,195.9,0.0
1960,196.0,0.0
1961,196.10000000000002,0.0
1962,196.20000000000002,0.0
1963,196.3,0.0
1964,196.4,0.0
1965,196.5,0.0
1966,196.60000000000002,0.0
1967,196.70000000000002,0.0
1968,196.8,0.0
1969,196.9,0.0
1970,197.0,0.0
1971,197.10000000000002,0.0
1972,197.20000000000002,0.0
1973,197.3,0.0
1974,197.4,0.0
1975,197.5,0.0
1976,197.60000000000002,0.0
1977,197.70000000000002,0.0
1978,197.8,0.0
1979,197.9,0.0
1980,198.0,0.0
1981,198.10000000000002,0.0
1982,198.20000000000002,0.0
1983,198.3,0.0
1984,198.4,0.0
1985,198.5,0.0
1986,198.60000000000002,0.0
1987,198.70000000000002,0.0
1988,198.8,0.0
1989,198.9,0.0
1990,199.0,0.0
1991,199.10000000000002,0.0
1992,199.20000000000002,0.0
1993,199.3,0.0
1994,199.4,0.0
1995,199.5,0.0
1996,199.60000000000002,0.0
1997,199.70000000000002,0.0
1998,199.8,0.0
1999,199.9,0.0
2000,200.0,0.0
2001,200.10000000000002,0.0
2002,200.20000000000002,0.0
2003,200.3,0.0
2004,200.4,0.0
2005,200.5,0.0
2006,200.60000000000002,0.0
2007,200.70000000000002,0.0
2008,200.8,0.0
2009,200.9,0.0
2010,201.0,0.0
2011,201.10000000000002,0.0
2012,201.20000000000002,0.0
2013,201.3,0.0
2014,201.4,0.0
2015,201.5,0.0
2016,201.60000000000002,0.0
2017,201.70000000000002,0.0
2018,201.8,0.0
2019,201.9,0.0
2020,202.0,0.0
2021,202.10000000000002,0.0
2022,202.20000000000002,0.0
2023,202.3,0.0
2024,202.4,0.0
2025,202.5,0.0
2026,202.60000000000002,0.0
2027,202.70000000000002,0.0
2028,202.8,0.0
2029,202.9,0.0
2030,203.0,0.0
2031,203.10000000000002,0.0
2032,203.20000000000002,0.0
2033,203.3,0.0
2034,203.4,0.0
2035,203.5,0.0
2036,203.60000000000002,0.0
2037,203.70000000000002,0.0
2038,203.8,0.0
2039,203.9,0.0
2040,204.0,0.0
2041,204.10000000000002,0.0
2042,204.20000000000002,0.0
2043,204.3,0.0
2044,204.4,0.0
2045,204.5,0.0
2046,204.60000000000002,0.0
2047,204.70000000000002,0.0
2048,204.8,0.0
2049,204.9,0.0
2050,205.0,0.0
2051,205.10000000000002,0.0
2052,205.20000000000002,0.0
2053,205.3,0.0
2054,205.4,0.0
2055,205.5,0.0
2056,205.60000000000002,0.0
2057,205.70000000000002,0.0
2058,205.8,0.0
2059,205.9,0.0
2060,206.0,0.0
2061,206.10000000000002,0.0
2062,206.20000000000002,0.0
2063,206.3,0.0
2064,206.4,0.0
2065,206.5,0.0
2066,206.60000000000002,0.0
2067,206.70000000000002,0.0
2068,206.8,0.0
2069,206.9,0.0
2070,207.0,0.0
2071,207.10000000000002,0.0
2072,207.20000000000002,0.0
2073,207.3,0.0
2074,207.4,0.0
2075,207.5,0.0
2076,207.60000000000002,0.0
2077,207.70000000000002,0.0
2078,207.8,0.0
2079,207.9,0.0
2080,208.0,0.0
2081,208.10000000000002,0.0
2082,208.20000000000002,0.0
2083,208.3,0.0
2084,208.4,0.0
2085,208.5,0.0
2086,208.60000000000002,0.0
2087,208.70000000000002,0.0
2088,208.8,0.0
2089,208.9,0.0
2090,209.0,0.0
2091,209.10000000000002,0.0
2092,209.20000000000002,0.0
2093,209.3,0.0
2094,209.4,0.0
2095,209.5,0.0
2096,209.60000000000002,0.0
2097,209.70000000000002,0.0
2098,209.8,0.0
2099,209.9,0.0
2100,210.0,0.0
2101,210.10000000000002,0.0
2102,210.20000000000002,0.0
2103,210.3,0.0
2104,210.4,0.0
2105,210.5,0.0
2106,210.60000000000002,0.0
2107,210.70000000000002,0.0
2108,210.8,0.0
2109,210.9,0.0
2110,211.0,0.0
2111,211.10000000000002,0.0
2112,211.20000000000002,0.0
2113,211.3,0.0
2114,211.4,0.0
2115,211.5,0.0
2116,211.60000000000002,0.0
2117,211.70000000000002,0.0
2118,211.8,0.0
2119,211.9,0.0
2120,212.0,0.0
2121,212.10000000000002,0.0
2122,212.20000000000002,0.0
2123,212.3,0.0
2124,212.4,0.0
2125,212.5,0.0
2126,212.60000000000002,0.0
2127,212.70000000000002,0.0
2128,212.8,0.0
2129,212.9,0.0
2130,213.0,0.0
2131,213.10000000000002,0.0
2132,213.20000000000002,0.0
2133,213.3,0.0
2134,213.4,0.0
2135,213.5,0.0
2136,213.60000000000002,0.0
2137,213.70000000000002,0.0
2138,213.8,0.0
2139,213.9,0.0
2140,214.0,0.0
2141,214.10000000000002,0.0
2142,214.20000000000002,0.0
2143,214.3,0.0
2144,214.4,0.0
2145,214.5,0.0
2146,214.60000000000002,0.0
2147,214.70000000000002,0.0
2148,214.8,0.0
2149,214.9,0.0
2150,215.0,0.0
2151,215.10000000000002,0.0
2152,215.20000000000002,0.0
2153,215.3,0.0
2154,215.4,0.0
2155,215.5,0.0
2156,215.60000000000002,0.0
2157,215.70000000000002,0.0
2158,215.8,0.0
2159,215.9,0.0
2160,216.0,0.0
2161,216.10000000000002,0.0
2162,216.20000000000002,0.0
2163,216.3,0.0
2164,216.4,0.0
2165,216.5,0.0
2166,216.60000000000002,0.0
2167,216.70000000000002,0.0
2168,216.8,0.0
2169,216.9,0.0
2170,217.0,0.0
2171,217.10000000000002,0.0
2172,217.20000000000002,0.0
2173,217.3,0.0
2174,217.4,0.0
2175,217.5,0.0
2176,217.60000000000002,0.0
2177,217.70000000000002,0.0
2178,217.8,0.0
2179,217.9,0.0
2180,218.0,0.0
2181,218.10000000000002,0.0
2182,218.20000000000002,0.0
2183,218.3,0.0
2184,218.4,0.0
2185,218.5,0.0
2186,218.60000000000002,0.0
2187,218.70000000000002,0.0
2188,218.8,0.0
2189,218.9,0.0
2190,219.0,0.0
2191,219.10000000000002,0.0
2192,219.20000000000002,0.0
2193,219.3,0.0
2194,219.4,0.0
2195,219.5,0.0
2196,219.60000000000002,0.0
2197,219.70000000000002,0.0
2198,219.8,0.0
2199,219.9,0.0
2200,220.0,0.0
2201,220.10000000000002,0.0
2202,220.20000000000002,0.0
2203,220.3,0.0
2204,220.4,0.0
2205,220.5,0.5454545454545386
2206,220.60000000000002,1.5151515151515225
2207,220.70000000000002,3.8787878787879135
2208,220.8,5.636363636363629
2209,220.9,6.787878787878764
2210,221.0,7.878787878787907
2211,221.10000000000002,8.242424242424415
2212,221.20000000000002,7.8787878787879055
2213,221.3,6.787878787878764
2214,221.4,4.9696969696969715
2215,221.5,3.636363636363665
2216,221.60000000000002,2.7878787878788094
2217,221.70000000000002,3.212121212121198
2218,221.8,3.2727272727272343
2219,221.9,3.5151515151514743
2220,222.0,3.9393939393939252
2221,222.10000000000002,4.545454545454602
2222,222.20000000000002,5.212121212121212
2223,222.3,5.818181818181781
2224,222.4,6.242424242424199
2225,222.5,7.030303030303023
2226,222.60000000000002,8.181818181818306
2227,222.70000000000002,9.030303030303036
2228,222.8,8.90909090909085
2229,222.9,9.575757575757509
2230,223.0,9.69696969696969
2231,223.10000000000002,9.272727272727396
2232,223.20000000000002,8.969696969696962
2233,223.3,8.242424242424178
2234,223.4,7.212121212121161
2235,223.5,6.000000000000008
2236,223.60000000000002,4.727272727272795
2237,223.70000000000002,4.060606060606068
2238,223.8,2.7878787878787916
2239,223.9,2.242424242424253
2240,224.0,2.0000000000000275
2241,224.10000000000002,1.5151515151515569
2242,224.20000000000002,1.4545454545454681
2243,224.3,2.363636363636366
2244,224.4,3.9999999999999805
2245,224.5,5.03030303030303
2246,224.60000000000002,6.0000000000000835
2247,224.70000000000002,7.454545454545454
2248,224.8,8.18181818181811
2249,224.9,8.727272727272648
2250,225.0,9.515151515151494
2251,225.10000000000002,9.757575757575868
2252,225.20000000000002,8.787878787878768
2253,225.3,9.030303030302957
2254,225.4,9.939393939393852
2255,225.5,10.848484848484821
2256,225.60000000000002,12.181818181818326
2257,225.70000000000002,18.18181818181828
2258,225.8,23.818181818181763
2259,225.9,28.181818181818066
2260,226.0,31.818181818181902
2261,226.10000000000002,32.96969696969763
2262,226.20000000000002,31.09090909090918
2263,226.3,27.51515151515139
2264,226.4,22.363636363636303
2265,226.5,15.757575757575863
2266,226.60000000000002,7.939393939394001
2267,226.70000000000002,5.030303030303009
2268,226.8,3.5757575757575477
2269,226.9,2.727272727272711
2270,227.0,2.7272727272727337
2271,227.10000000000002,2.484848484848533
2272,227.20000000000002,2.000000000000007
2273,227.3,1.272727272727276
2274,227.4,0.9696969696969772
2275,227.5,1.090909090909098
2276,227.60000000000002,0.9696969696969757
2277,227.70000000000002,1.2727272727272658
2278,227.8,1.4545454545454346
2279,227.9,1.5151515151514945
2280,228.0,1.9999999999999862
2281,228.10000000000002,2.242424242424263
2282,228.20000000000002,2.2424242424242284
2283,228.3,1.9999999999999731
2284,228.4,1.5151515151514945
2285,228.5,1.4545454545454477
2286,228.60000000000002,1.2727272727272871
2287,228.70000000000002,0.969696969696963
2288,228.8,1.6363636363636276
2289,228.9,1.9393939393939268
2290,229.0,2.5454545454545454
2291,229.10000000000002,2.909090909090962
2292,229.20000000000002,3.5757575757575895
2293,229.3,3.8787878787878602
2294,229.4,3.8181818181818
2295,229.5,3.3939393939394074
2296,229.60000000000002,2.6060606060606504
2297,229.70000000000002,2.000000000000027
2298,229.8,2.2424242424242533
2299,229.9,2.242424242424253
2300,230.0,2.0000000000000275
2301,230.10000000000002,1.5151515151515569
2302,230.20000000000002,1.4545454545454681
2303,230.3,1.272727272727276
2304,230.4,0.9696969696969772
2305,230.5,0.5454545454545593
2306,230.60000000000002,0.0
2307,230.70000000000002,0.0
2308,230.8,0.0
2309,230.9,0.5454545454545381
2310,231.0,0.9696969696969627
2311,231.10000000000002,1.2727272727272871
2312,231.20000000000002,1.4545454545454475
2313,231.3,1.5151515151514945
2314,231.4,1.4545454545454346
2315,231.5,1.2727272727272658
2316,231.60000000000002,0.9696969696969757
2317,231.70000000000002,0.5454545454545385
2318,231.8,0.5454545454545449
2319,231.9,0.9696969696969634
2320,232.0,1.2727272727272727
2321,232.10000000000002,1.454545454545481
2322,232.20000000000002,1.5151515151515151
2323,232.3,1.4545454545454417
2324,232.4,1.2727272727272625
2325,232.5,0.9696969696969698
2326,232.60000000000002,0.5454545454545467
2327,232.70000000000002,0.0
2328,232.8,0.0
2329,232.9,0.0
2330,233.0,0.5454545454545385
2331,233.10000000000002,0.9696969696969757
2332,233.20000000000002,1.2727272727272658
2333,233.3,1.4545454545454346
2334,233.4,1.5151515151514945
2335,233.5,1.9999999999999862
2336,233.60000000000002,2.242424242424263
2337,233.70000000000002,2.2424242424242284
2338,233.8,1.9999999999999731
2339,233.9,1.5151515151514945
2340,234.0,1.4545454545454477
2341,234.10000000000002,1.2727272727272871
2342,234.20000000000002,0.969696969696963
2343,234.3,0.5454545454545382
2344,234.4,0.0
2345,234.5,0.5454545454545385
2346,234.60000000000002,0.9696969696969757
2347,234.70000000000002,1.2727272727272658
2348,234.8,1.4545454545454346
2349,234.9,1.5151515151514945
2350,235.0,1.4545454545454477
2351,235.10000000000002,1.2727272727272871
2352,235.20000000000002,2.060606060606081
2353,235.3,2.484848484848492
2354,235.4,2.545454545454552
2355,235.5,2.9090909090909363
2356,235.60000000000002,3.0303030303031138
2357,235.70000000000002,2.9090909090909363
2358,235.8,2.545454545454552
2359,235.9,1.9393939393939543
2360,236.0,1.0909090909091186
2361,236.10000000000002,0.5454545454545467
2362,236.20000000000002,0.9696969696969697
2363,236.3,1.2727272727272623
2364,236.4,1.4545454545454417
2365,236.5,1.5151515151515151
2366,236.60000000000002,1.454545454545481
2367,236.70000000000002,1.2727272727272727
2368,236.8,0.9696969696969634
2369,236.9,0.545454545454545
2370,237.0,0.5454545454545385
2371,237.10000000000002,0.9696969696969757
2372,237.20000000000002,1.2727272727272658
2373,237.3,1.4545454545454346
2374,237.4,1.5151515151514945
2375,237.5,1.9999999999999862
2376,237.60000000000002,2.242424242424263
2377,237.70000000000002,2.2424242424242284
2378,237.8,2.545454545454518
2379,237.9,2.4848484848484578
2380,238.0,2.72727272727272
2381,238.10000000000002,2.727272727272768
2382,238.20000000000002,2.484848484848478
2383,238.3,1.9999999999999798
2384,238.4,1.2727272727272625
2385,238.5,0.9696969696969698
2386,238.60000000000002,0.5454545454545467
2387,238.70000000000002,0.5454545454545592
2388,238.8,0.9696969696969772
2389,238.9,1.272727272727276
2390,239.0,1.4545454545454681
2391,239.10000000000002,1.5151515151515569
2392,239.20000000000002,1.4545454545454686
2393,239.3,2.3636363636363655
2394,239.4,2.909090909090904
2395,239.5,3.090909090909105
2396,239.60000000000002,4.000000000000055
2397,239.70000000000002,4.969696969696969
2398,239.8,5.454545454545408
2399,239.9,5.454545454545407
2400,240.0,4.969696969696969
2401,240.10000000000002,4.000000000000055
2402,240.20000000000002,2.5454545454545454
2403,240.3,1.9393939393939268
2404,240.4,1.6363636363636278
2405,240.5,0.9696969696969627
2406,240.60000000000002,1.2727272727272871
2407,240.70000000000002,2.000000000000007
2408,240.8,2.484848484848472
2409,240.9,2.7272727272727106
2410,241.0,2.727272727272734
2411,241.10000000000002,2.484848484848533
2412,241.20000000000002,2.000000000000007
2413,241.3,1.272727272727276
2414,241.4,0.9696969696969772
2415,241.5,1.090909090909098
2416,241.60000000000002,0.9696969696969757
2417,241.70000000000002,1.818181818181825
2418,241.8,2.424242424242412
2419,241.9,2.7878787878787707
2420,242.0,2.909090909090916
2421,242.10000000000002,2.7878787878788445
2422,242.20000000000002,2.4242424242424314
2423,242.3,1.8181818181818141
2424,242.4,2.060606060606053
2425,242.5,2.4848484848484844
2426,242.60000000000002,2.5454545454545743
2427,242.70000000000002,2.909090909090895
2428,242.8,3.030303030302989
2429,242.9,2.9090909090908688
2430,243.0,2.5454545454545316
2431,243.10000000000002,1.9393939393939514
2432,243.20000000000002,1.6363636363636365
2433,243.3,0.9696969696969772
2434,243.4,1.272727272727276
2435,243.5,1.4545454545454681
2436,243.60000000000002,1.5151515151515569
2437,243.70000000000002,2.000000000000027
2438,243.8,2.2424242424242533
2439,243.9,3.33333333333333
2440,244.0,3.9393939393939537
2441,244.10000000000002,4.060606060606132
2442,244.20000000000002,4.363636363636363
2443,244.3,4.303030303030265
2444,244.4,3.8787878787878465
2445,244.5,3.090909090909091
2446,244.60000000000002,1.9393939393939514
2447,244.70000000000002,1.6363636363636365
2448,244.8,0.9696969696969772
2449,244.9,1.272727272727276
2450,245.0,1.4545454545454681
2451,245.10000000000002,2.0606060606061036
2452,245.20000000000002,2.4242424242424385
2453,245.3,2.5454545454545383
2454,245.4,2.424242424242418
2455,245.5,2.606060606060613
2456,245.60000000000002,2.4242424242424567
2457,245.70000000000002,2.5454545454545383
2458,245.8,2.9696969696969435
2459,245.9,3.030303030303003
2460,246.0,2.72727272727272
2461,246.10000000000002,2.727272727272768
2462,246.20000000000002,3.0303030303030374
2463,246.3,2.9696969696969564
2464,246.4,2.5454545454545383
2465,246.5,2.9696969696969764
2466,246.60000000000002,3.0303030303030796
2467,246.70000000000002,2.7272727272727337
2468,246.8,2.727272727272711
2469,246.9,2.4848484848484724
2470,247.0,2.000000000000007
2471,247.10000000000002,1.8181818181818339
2472,247.20000000000002,1.9393939393939326
2473,247.3,1.8181818181818004
2474,247.4,1.4545454545454417
2475,247.5,2.6060606060605926
2476,247.60000000000002,3.3939393939394327
2477,247.70000000000002,3.8181818181818046
2478,247.8,3.878787878787833
2479,247.9,3.5757575757575335
2480,248.0,3.4545454545454337
2481,248.10000000000002,3.5151515151515498
2482,248.20000000000002,3.212121212121191
2483,248.3,3.090909090909056
2484,248.4,3.5757575757575335
2485,248.5,5.212121212121185
2486,248.60000000000002,7.333333333333411
2487,248.70000000000002,9.151515151515138
2488,248.8,11.090909090908994
2489,248.9,12.363636363636251
2490,249.0,14.060606060606032
2491,249.10000000000002,14.848484848485052
2492,249.20000000000002,14.606060606060593
2493,249.3,13.333333333333231
2494,249.4,13.454545454545347
2495,249.5,12.545454545454533
2496,249.60000000000002,11.393939393939544
2497,249.70000000000002,10.666666666666664
2498,249.8,9.818181818181753
2499,249.9,8.42424242424238
2500,250.0,7.272727272727294
2501,250.10000000000002,6.484848484848588
2502,250.20000000000002,5.515151515151523
2503,250.3,3.818181818181814
2504,250.4,3.393939393939396
2505,250.5,2.6060606060606335
2506,250.60000000000002,1.454545454545481
2507,250.70000000000002,1.2727272727272727
2508,250.8,0.9696969696969634
2509,250.9,0.545454545454545
2510,251.0,0.5454545454545385
2511,251.10000000000002,0.9696969696969757
2512,251.20000000000002,1.818181818181825
2513,251.3,2.424242424242412
2514,251.4,2.7878787878787707
2515,251.5,3.4545454545454546
2516,251.60000000000002,3.75757575757582
2517,251.70000000000002,3.696969696969697
2518,251.8,3.272727272727249
2519,251.9,3.03030303030301
2520,252.0,2.9696969696969697
2521,252.10000000000002,3.090909090909121
2522,252.20000000000002,3.39393939393938
2523,252.3,3.333333333333294
2524,252.4,2.9090909090908763
2525,252.5,2.787878787878781
2526,252.60000000000002,2.4242424242424567
2527,252.70000000000002,1.8181818181818112
2528,252.8,1.5151515151515083
2529,252.9,1.5151515151515083
2530,253.0,0.0
2531,253.10000000000002,0.0
2532,253.20000000000002,0.0
2533,253.3,0.0
2534,253.4,0.0
